{
  "meta_title": "",
  "meta_description": "",
  "sections": [
    {
      "type": "info-bar",
      "enabled": true
    },
    {
      "type": "collection-shelf",
      "shuffle": true,
      "collection_id": null,
      "limit": 12,
      "page": 1
    },
    {
      "type": "page-title",
      "title": "Loja demo da E-Com Plus",
      "description": "Loja de demonstração e testes da plataforma E-Com Plus e Storefront. Todos os produtos, preços e informações são meramente ilustrativos."
    },
    {
      "type": "offers-timer",
      "max_hours": 24,
      "start": "2021-05-19T14:04:26.802Z",
      "end": "2021-05-19T14:04:26.839Z",
      "offers": [
        "6064a91e3c48b468b9ada4be",
        "606f0eb633554a7d2d3f01a2",
        "6064a7693c48b468b9ada2bb",
        "605a632f4b948446086937ae",
        "609d70b4ae1d0d68003d4c14"
      ],
      "notes": "lkmkmkkmk"
    },
    {
      "type": "custom-content",
      "markdown": "kwoklasldlkasldkkdlqwkldqklkl"
    },
    {
      "type": "brands-carousel",
      "limit": 24,
      "offset": 0,
      "sort": "name",
      "autoplay": 3000
    },
    {
      "type": "breadcrumbs",
      "enabled": true
    },
    {
      "type": "blog",
      "enabled": true
    },
    {
      "type": "responsive-banner",
      "img": "/img/uploads/picture1.jpg"
    },
    {
      "type": "custom-html",
      "html": "<hr>"
    }
  ]
}